"bounce_rate","abandonment_rate"
"40.0162000000000000","30.0823000000000000"
