"clv","repeat_rate"
"12758.440817708935","68.54467691596347243100"
