"channel","avg_ctr","avg_roas"
"Email","4.6239782051282051","2.9833333333333333"
