"channel","avg_roas","avg_cpa"
"Other","3.0906451612903226","1251.1235483870967742"
"Instagram","3.2011111111111111","1780.8095061728395062"
"YouTube","3.2211111111111111","868.1236507936507937"
"TikTok","2.9262500000000000","4364.2660937500000000"
"Email","2.9833333333333333","1625.0030769230769231"
"Facebook","3.1095238095238095","2124.7605952380952381"
"Google Ads","3.0591176470588235","1791.9461764705882353"
